RELACAO DE ARQUIVOS POR DATA DE PAGAMENTO,,,,,,,,,,
COMPETENCIA: 06/2014,,,,,,,,,,
,,,,,,,,,,
,,,,,,,,,,
BANCO,TIPO_AVISO,NOME_ARQUIVO,NSA,DATA_PROCESSAMENTO,DATA_PAGAMENTO,QTD_DOCS,ARRECADACAO,CALCULADO,,
104-CEF - MOVIMENTO                                         ,COB       ,A10405497.COB       ,5497,11/06/2014,29/05/2014,1,15,10,15,10
001-BANCO DO BRASIL                                         ,COB       ,A001003171.COB      ,317,04/06/2014,02/06/2014,20480,919957,99,919957,99
001-BANCO DO BRASIL                                         ,DCO       ,R001039555.DCO      ,3955,04/06/2014,02/06/2014,1138,234491,13,225066,80
004-BNB                                                     ,COB       ,A004001258.COB      ,125,02/06/2014,02/06/2014,214,16683,15,16683,15
033-SANTANDER                                               ,COB       ,A033000897.COB      ,89,04/06/2014,02/06/2014,15683,585417,26,585417,26
104-CEF - MOVIMENTO                                         ,COB       ,A104005491.COB      ,549,06/06/2014,02/06/2014,75956,2664698,99,2664698,99
104-CEF - MOVIMENTO                                         ,COB       ,A10405495.COB       ,5495,11/06/2014,02/06/2014,3,81,14,81,14
104-CEF - MOVIMENTO                                         ,COB       ,A10405499.COB       ,5499,11/06/2014,02/06/2014,1,15,82,15,82
104-CEF - MOVIMENTO                                         ,COB       ,A10405521.COB       ,5521,27/06/2014,02/06/2014,1,15,10,15,10
104-CEF - MOVIMENTO                                         ,DCO       ,R104004157.DCO      ,415,04/06/2014,02/06/2014,293,53256,6,44113,49
237-BRADESCO                                                ,COB       ,A237003955.COB      ,395,04/06/2014,02/06/2014,22337,1046124,39,1046124,39
237-BRADESCO                                                ,DCO       ,R237004118.DCO      ,411,04/06/2014,02/06/2014,1180,169576,73,139998,59
341-ITAU                                                    ,COB       ,A341003962.COB      ,396,04/06/2014,02/06/2014,3450,257391,54,257391,54
341-ITAU                                                    ,DCO       ,R341003161.DCO      ,316,04/06/2014,02/06/2014,526,77036,30,71323,35
356-BCO REAL                                                ,DCO       ,R033001606.DCO      ,160,04/06/2014,02/06/2014,123,8435,2,5455,19
634-TRIBANCO                                                ,COB       ,A634002057.COB      ,205,04/06/2014,02/06/2014,2613,74102,18,74102,18
909-CASA DO PAO - UN-BAJ                                    ,COB       ,A909001202.COB      ,120,04/06/2014,02/06/2014,103,2064,55,2064,55
909-CASA DO PAO - UN-BAJ                                    ,COB       ,A909001454.COB      ,145,04/06/2014,02/06/2014,53,708,88,708,88
909-CASA DO PAO - UN-BAJ                                    ,COB       ,A909001705.COB      ,170,04/06/2014,02/06/2014,131,2374,74,2374,74
909-CASA DO PAO - UN-BAJ                                    ,COB       ,A909001855.COB      ,185,04/06/2014,02/06/2014,69,1242,57,1242,57
911-FARMACIA STA. CECILIA                                   ,COB       ,A911002468.COB      ,246,04/06/2014,02/06/2014,1458,40736,18,40736,18
912-ARTE E COSTURA                                          ,COB       ,A912003020.COB      ,302,02/06/2014,02/06/2014,100,2589,39,2589,39
001-BANCO DO BRASIL                                         ,COB       ,A001003172.COB      ,317,06/06/2014,03/06/2014,14021,666049,11,666049,11
001-BANCO DO BRASIL                                         ,DCO       ,R001039556.DCO      ,3955,04/06/2014,03/06/2014,818,74845,15,63166,9
004-BNB                                                     ,COB       ,A004001259.COB      ,125,04/06/2014,03/06/2014,155,15902,38,15902,38
033-SANTANDER                                               ,COB       ,A033000898.COB      ,89,04/06/2014,03/06/2014,8420,333703,31,333703,31
104-CEF - MOVIMENTO                                         ,COB       ,A104005492.COB      ,549,06/06/2014,03/06/2014,48985,1716185,43,1716185,43
104-CEF - MOVIMENTO                                         ,DCO       ,R104004158.DCO      ,415,04/06/2014,03/06/2014,132,17242,78,12213,65
237-BRADESCO                                                ,COB       ,A237003956.COB      ,395,04/06/2014,03/06/2014,16006,824401,46,824401,46
237-BRADESCO                                                ,DCO       ,R237004119.DCO      ,411,04/06/2014,03/06/2014,615,77521,99,71345,81
341-ITAU                                                    ,COB       ,A341003963.COB      ,396,04/06/2014,03/06/2014,2104,929536,91,929536,91
341-ITAU                                                    ,DCO       ,R341003162.DCO      ,316,06/06/2014,03/06/2014,371,28474,18,24439,32
356-BCO REAL                                                ,DCO       ,R033001607.DCO      ,160,04/06/2014,03/06/2014,8,199,31,199,31
634-TRIBANCO                                                ,COB       ,A634002058.COB      ,205,04/06/2014,03/06/2014,1798,52138,79,52138,79
909-CASA DO PAO - UN-BAJ                                    ,COB       ,A909001203.COB      ,120,04/06/2014,03/06/2014,48,883,92,883,92
909-CASA DO PAO - UN-BAJ                                    ,COB       ,A909001455.COB      ,145,04/06/2014,03/06/2014,40,641,97,641,97
909-CASA DO PAO - UN-BAJ                                    ,COB       ,A909001706.COB      ,170,04/06/2014,03/06/2014,45,846,83,846,83
909-CASA DO PAO - UN-BAJ                                    ,COB       ,A909001856.COB      ,185,04/06/2014,03/06/2014,66,1156,37,1156,37
911-FARMACIA STA. CECILIA                                   ,COB       ,A911002468.COB      ,246,04/06/2014,03/06/2014,1422,41114,25,41114,25
912-ARTE E COSTURA                                          ,COB       ,A912003021.COB      ,302,04/06/2014,03/06/2014,177,4733,29,4733,29
001-BANCO DO BRASIL                                         ,COB       ,A001003173.COB      ,317,06/06/2014,04/06/2014,13146,662637,19,662637,19
001-BANCO DO BRASIL                                         ,DCO       ,R001039557.DCO      ,3955,06/06/2014,04/06/2014,815,124778,26,66693,39
004-BNB                                                     ,COB       ,A004001260.COB      ,126,04/06/2014,04/06/2014,118,7103,7,7103,7
033-SANTANDER                                               ,COB       ,A033000899.COB      ,89,06/06/2014,04/06/2014,7000,221572,9,221572,9
104-CEF - MOVIMENTO                                         ,COB       ,A10405494.COB       ,5494,06/06/2014,04/06/2014,44070,1510805,84,1510805,84
104-CEF - MOVIMENTO                                         ,COB       ,A10405500.COB       ,5500,11/06/2014,04/06/2014,1,15,10,15,10
104-CEF - MOVIMENTO                                         ,COB       ,A10405502.COB       ,5502,12/06/2014,04/06/2014,1,15,10,15,10
104-CEF - MOVIMENTO                                         ,DCO       ,R104004159.DCO      ,415,06/06/2014,04/06/2014,165,24876,48,14387,64
237-BRADESCO                                                ,COB       ,A237003957.COB      ,395,06/06/2014,04/06/2014,14796,620876,1,620876,1
237-BRADESCO                                                ,DCO       ,R237004120.DCO      ,412,06/06/2014,04/06/2014,636,78561,15,68134,98
341-ITAU                                                    ,COB       ,A341003964.COB      ,396,06/06/2014,04/06/2014,1886,113560,42,113560,42
341-ITAU                                                    ,DCO       ,R341003163.DCO      ,316,11/06/2014,04/06/2014,284,35292,22,28344,26
356-BCO REAL                                                ,DCO       ,R033001608.DCO      ,160,06/06/2014,04/06/2014,109,10083,93,6098,29
634-TRIBANCO                                                ,COB       ,A634002059.COB      ,205,06/06/2014,04/06/2014,1519,40227,24,40227,24
909-CASA DO PAO - UN-BAJ                                    ,COB       ,A909001204.COB      ,120,06/06/2014,04/06/2014,62,1143,82,1143,82
909-CASA DO PAO - UN-BAJ                                    ,COB       ,A909001456.COB      ,145,06/06/2014,04/06/2014,18,252,46,252,46
909-CASA DO PAO - UN-BAJ                                    ,COB       ,A909001708.COB      ,170,06/06/2014,04/06/2014,51,1083,34,1083,34
909-CASA DO PAO - UN-BAJ                                    ,COB       ,A909001857.COB      ,185,06/06/2014,04/06/2014,99,2033,80,2033,80
911-FARMACIA STA. CECILIA                                   ,COB       ,A911002470.COB      ,247,06/06/2014,04/06/2014,1245,35533,50,35533,50
912-ARTE E COSTURA                                          ,COB       ,A912003022.COB      ,302,04/06/2014,04/06/2014,124,3039,4,3039,4
001-BANCO DO BRASIL                                         ,COB       ,A001003174.COB      ,317,11/06/2014,05/06/2014,12813,550760,8,550760,8
001-BANCO DO BRASIL                                         ,DCO       ,R001039558.DCO      ,3955,11/06/2014,05/06/2014,1124,88450,40,77068,28
004-BNB                                                     ,COB       ,A004001261.COB      ,126,06/06/2014,05/06/2014,176,17572,2,17572,2
033-SANTANDER                                               ,COB       ,A033000900.COB      ,90,11/06/2014,05/06/2014,7030,223601,1,223601,1
104-CEF - MOVIMENTO                                         ,COB       ,A10405496.COB       ,5496,11/06/2014,05/06/2014,44633,1579682,50,1579682,50
104-CEF - MOVIMENTO                                         ,COB       ,A10405506.COB       ,5506,15/06/2014,05/06/2014,1,15,10,15,10
104-CEF - MOVIMENTO                                         ,DCO       ,R104004160.DCO      ,416,11/06/2014,05/06/2014,171,12662,80,11229,20
237-BRADESCO                                                ,COB       ,A237003958.COB      ,395,11/06/2014,05/06/2014,15282,675793,57,675793,57
237-BRADESCO                                                ,DCO       ,R237004121.DCO      ,412,11/06/2014,05/06/2014,1013,87431,14,79457,1
341-ITAU                                                    ,COB       ,A341003965.COB      ,396,11/06/2014,05/06/2014,2068,139414,57,139414,57
341-ITAU                                                    ,DCO       ,R341003164.DCO      ,316,11/06/2014,05/06/2014,301,29582,61,25014,80
356-BCO REAL                                                ,DCO       ,R033001609.DCO      ,160,11/06/2014,05/06/2014,130,9698,57,6663,37
634-TRIBANCO                                                ,COB       ,A634002060.COB      ,206,11/06/2014,05/06/2014,1480,40347,70,40347,70
909-CASA DO PAO - UN-BAJ                                    ,COB       ,A909001205.COB      ,120,12/06/2014,05/06/2014,38,702,77,702,77
909-CASA DO PAO - UN-BAJ                                    ,COB       ,A909001457.COB      ,145,12/06/2014,05/06/2014,22,402,81,402,81
909-CASA DO PAO - UN-BAJ                                    ,COB       ,A909001709.COB      ,170,12/06/2014,05/06/2014,37,911,41,911,41
909-CASA DO PAO - UN-BAJ                                    ,COB       ,A909001858.COB      ,185,12/06/2014,05/06/2014,56,1141,7,1141,7
911-FARMACIA STA. CECILIA                                   ,COB       ,A911002472.COB      ,247,11/06/2014,05/06/2014,1197,36211,24,36211,24
912-ARTE E COSTURA                                          ,COB       ,A912003023.COB      ,302,06/06/2014,05/06/2014,118,2910,4,2910,4
001-BANCO DO BRASIL                                         ,COB       ,A001003175.COB      ,317,11/06/2014,06/06/2014,12997,679187,39,679187,39
001-BANCO DO BRASIL                                         ,DCO       ,R001039559.DCO      ,3955,11/06/2014,06/06/2014,552,43109,83,32705,67
004-BNB                                                     ,COB       ,A004001262.COB      ,126,11/06/2014,06/06/2014,135,13891,83,13891,83
033-SANTANDER                                               ,COB       ,A033000901.COB      ,90,12/06/2014,06/06/2014,7759,299155,22,299155,22
104-CEF - MOVIMENTO                                         ,COB       ,A10405498.COB       ,5498,11/06/2014,06/06/2014,45390,1549468,82,1549468,82
104-CEF - MOVIMENTO                                         ,COB       ,A10405510.COB       ,5510,18/06/2014,06/06/2014,1,15,10,15,10
104-CEF - MOVIMENTO                                         ,DCO       ,R104004161.DCO      ,416,11/06/2014,06/06/2014,101,14824,31,6286,68
237-BRADESCO                                                ,COB       ,A237003959.COB      ,395,11/06/2014,06/06/2014,14641,610582,54,610582,54
237-BRADESCO                                                ,DCO       ,R237004122.DCO      ,412,11/06/2014,06/06/2014,638,158597,89,150270,17
341-ITAU                                                    ,COB       ,A341003966.COB      ,396,12/06/2014,06/06/2014,2206,186428,57,186428,57
341-ITAU                                                    ,DCO       ,R341003165.DCO      ,316,11/06/2014,06/06/2014,290,44600,72,40707,3
356-BCO REAL                                                ,DCO       ,R033001610.DCO      ,161,11/06/2014,06/06/2014,100,11859,88,9916,0
634-TRIBANCO                                                ,COB       ,A634002061.COB      ,206,11/06/2014,06/06/2014,1788,46451,70,46451,70
909-CASA DO PAO - UN-BAJ                                    ,COB       ,A909001206.COB      ,120,12/06/2014,06/06/2014,71,1241,41,1241,41
909-CASA DO PAO - UN-BAJ                                    ,COB       ,A909001458.COB      ,145,12/06/2014,06/06/2014,95,1323,87,1323,87
909-CASA DO PAO - UN-BAJ                                    ,COB       ,A909001710.COB      ,171,12/06/2014,06/06/2014,32,807,30,807,30
909-CASA DO PAO - UN-BAJ                                    ,COB       ,A909001859.COB      ,185,12/06/2014,06/06/2014,109,2086,65,2086,65
911-FARMACIA STA. CECILIA                                   ,COB       ,A911002474.COB      ,247,11/06/2014,06/06/2014,1265,34415,70,34415,70
912-ARTE E COSTURA                                          ,COB       ,A912003024.COB      ,302,11/06/2014,06/06/2014,117,3198,6,3198,6
911-FARMACIA STA. CECILIA                                   ,COB       ,A911002476.COB      ,247,11/06/2014,07/06/2014,580,14784,37,14784,37
912-ARTE E COSTURA                                          ,COB       ,A912003025.COB      ,302,11/06/2014,07/06/2014,87,2170,9,2170,9
001-BANCO DO BRASIL                                         ,COB       ,A001003176.COB      ,317,12/06/2014,09/06/2014,18098,723015,14,723015,14
001-BANCO DO BRASIL                                         ,DCO       ,R001039560.DCO      ,3956,11/06/2014,09/06/2014,435,26789,67,22660,59
004-BNB                                                     ,COB       ,A004001263.COB      ,126,11/06/2014,09/06/2014,136,7900,91,7900,91
033-SANTANDER                                               ,COB       ,A033000902.COB      ,90,11/06/2014,09/06/2014,13493,499443,24,499443,24
104-CEF - MOVIMENTO                                         ,COB       ,A10405501.COB       ,5501,11/06/2014,09/06/2014,77686,2600715,69,2600715,69
104-CEF - MOVIMENTO                                         ,COB       ,A10405522.COB       ,5522,27/06/2014,09/06/2014,3,56,24,56,24
104-CEF - MOVIMENTO                                         ,DCO       ,R104004162.DCO      ,416,11/06/2014,09/06/2014,64,36196,29,9767,52
237-BRADESCO                                                ,COB       ,A237003960.COB      ,396,11/06/2014,09/06/2014,20720,690473,36,690473,36
237-BRADESCO                                                ,DCO       ,R237004123.DCO      ,412,11/06/2014,09/06/2014,427,24765,67,23018,52
341-ITAU                                                    ,COB       ,A341003967.COB      ,396,12/06/2014,09/06/2014,2901,184361,70,184361,70
341-ITAU                                                    ,DCO       ,R341003166.DCO      ,316,12/06/2014,09/06/2014,158,8621,16,7436,62
356-BCO REAL                                                ,DCO       ,R033001611.DCO      ,161,11/06/2014,09/06/2014,41,4358,90,2202,25
634-TRIBANCO                                                ,COB       ,A634002062.COB      ,206,12/06/2014,09/06/2014,2798,73799,69,73799,69
909-CASA DO PAO - UN-BAJ                                    ,COB       ,A909001207.COB      ,120,12/06/2014,09/06/2014,112,1897,45,1897,45
909-CASA DO PAO - UN-BAJ                                    ,COB       ,A909001460.COB      ,146,12/06/2014,09/06/2014,164,2198,99,2198,99
909-CASA DO PAO - UN-BAJ                                    ,COB       ,A909001711.COB      ,171,12/06/2014,09/06/2014,58,1137,75,1137,75
909-CASA DO PAO - UN-BAJ                                    ,COB       ,A909001860.COB      ,186,12/06/2014,09/06/2014,165,3219,71,3219,71
911-FARMACIA STA. CECILIA                                   ,COB       ,A911002478.COB      ,247,11/06/2014,09/06/2014,1566,43303,5,43303,5
912-ARTE E COSTURA                                          ,COB       ,A912003026.COB      ,302,11/06/2014,09/06/2014,115,3487,56,3487,56
001-BANCO DO BRASIL                                         ,COB       ,A001003177.COB      ,317,13/06/2014,10/06/2014,11741,659659,11,659659,11
001-BANCO DO BRASIL                                         ,DCO       ,R001039561.DCO      ,3956,12/06/2014,10/06/2014,1085,895484,40,752528,75
004-BNB                                                     ,COB       ,A004001264.COB      ,126,11/06/2014,10/06/2014,143,44725,90,44725,90
033-SANTANDER                                               ,COB       ,A033000903.COB      ,90,12/06/2014,10/06/2014,6590,218173,87,218173,87
104-CEF - MOVIMENTO                                         ,COB       ,A10405503.COB       ,5503,12/06/2014,10/06/2014,39441,1488152,40,1488152,40
104-CEF - MOVIMENTO                                         ,COB       ,A10405507.COB       ,5507,15/06/2014,10/06/2014,1,15,10,15,10
104-CEF - MOVIMENTO                                         ,DCO       ,R104004163.DCO      ,416,12/06/2014,10/06/2014,31,22801,74,22202,4
237-BRADESCO                                                ,COB       ,A237003961.COB      ,396,13/06/2014,10/06/2014,11932,512213,19,512213,19
237-BRADESCO                                                ,DCO       ,R237004124.DCO      ,412,12/06/2014,10/06/2014,280,61789,57,58812,98
341-ITAU                                                    ,COB       ,A341003968.COB      ,396,13/06/2014,10/06/2014,1804,192062,43,192062,43
341-ITAU                                                    ,DCO       ,R341003167.DCO      ,316,12/06/2014,10/06/2014,133,17026,84,14144,64
356-BCO REAL                                                ,DCO       ,R033001612.DCO      ,161,12/06/2014,10/06/2014,33,3130,10,1507,94
634-TRIBANCO                                                ,COB       ,A634002063.COB      ,206,11/06/2014,10/06/2014,1379,37284,0,37284,0
909-CASA DO PAO - UN-BAJ                                    ,COB       ,A909001208.COB      ,120,12/06/2014,10/06/2014,129,2457,98,2457,98
909-CASA DO PAO - UN-BAJ                                    ,COB       ,A909001461.COB      ,146,12/06/2014,10/06/2014,67,930,7,930,7
909-CASA DO PAO - UN-BAJ                                    ,COB       ,A909001712.COB      ,171,12/06/2014,10/06/2014,25,480,47,480,47
909-CASA DO PAO - UN-BAJ                                    ,COB       ,A909001861.COB      ,186,12/06/2014,10/06/2014,98,8821,20,8821,20
911-FARMACIA STA. CECILIA                                   ,COB       ,A911002480.COB      ,248,12/06/2014,10/06/2014,950,26752,6,26752,6
912-ARTE E COSTURA                                          ,COB       ,A912003027.COB      ,302,11/06/2014,10/06/2014,50,1571,37,1571,37
001-BANCO DO BRASIL                                         ,COB       ,A001003178.COB      ,317,13/06/2014,11/06/2014,8885,625805,50,625805,50
001-BANCO DO BRASIL                                         ,DCO       ,R001039562.DCO      ,3956,12/06/2014,11/06/2014,148,19993,91,19127,60
004-BNB                                                     ,COB       ,A004001265.COB      ,126,12/06/2014,11/06/2014,102,9118,91,9118,91
033-SANTANDER                                               ,COB       ,A033000904.COB      ,90,12/06/2014,11/06/2014,4744,157591,69,157591,69
104-CEF - MOVIMENTO                                         ,COB       ,A104005504.COB      ,550,12/06/2014,11/06/2014,30766,1268264,39,1268264,39
104-CEF - MOVIMENTO                                         ,COB       ,A10405508.COB       ,5508,15/06/2014,11/06/2014,1,15,10,15,10
104-CEF - MOVIMENTO                                         ,COB       ,A10405524.COB       ,5524,27/06/2014,11/06/2014,1,27,18,27,18
104-CEF - MOVIMENTO                                         ,DCO       ,R104004164.DCO      ,416,12/06/2014,11/06/2014,53,92012,81,58385,0
237-BRADESCO                                                ,COB       ,A237003962.COB      ,396,12/06/2014,11/06/2014,9675,763303,19,763303,19
237-BRADESCO                                                ,DCO       ,R237004125.DCO      ,412,12/06/2014,11/06/2014,263,103003,75,62498,73
341-ITAU                                                    ,COB       ,A341003969.COB      ,396,12/06/2014,11/06/2014,1304,188804,59,188804,59
341-ITAU                                                    ,DCO       ,R341003168.DCO      ,316,13/06/2014,11/06/2014,157,60550,89,49469,51
356-BCO REAL                                                ,DCO       ,R033001613.DCO      ,161,12/06/2014,11/06/2014,35,3931,74,1211,16
634-TRIBANCO                                                ,COB       ,A634002064.COB      ,206,12/06/2014,11/06/2014,1047,28361,43,28361,43
909-CASA DO PAO - UN-BAJ                                    ,COB       ,A909001209.COB      ,120,13/06/2014,11/06/2014,169,2959,74,2959,74
909-CASA DO PAO - UN-BAJ                                    ,COB       ,A909001463.COB      ,146,13/06/2014,11/06/2014,99,1368,36,1368,36
909-CASA DO PAO - UN-BAJ                                    ,COB       ,A909001713.COB      ,171,13/06/2014,11/06/2014,17,274,40,274,40
909-CASA DO PAO - UN-BAJ                                    ,COB       ,A909001862.COB      ,186,13/06/2014,11/06/2014,68,1359,55,1359,55
911-FARMACIA STA. CECILIA                                   ,COB       ,A911002482.COB      ,248,12/06/2014,11/06/2014,702,20626,93,20626,93
912-ARTE E COSTURA                                          ,COB       ,A912003028.COB      ,302,12/06/2014,11/06/2014,55,1284,59,1284,59
001-BANCO DO BRASIL                                         ,COB       ,A001003179.COB      ,317,13/06/2014,12/06/2014,4782,250925,61,250925,61
001-BANCO DO BRASIL                                         ,DCO       ,R001039563.DCO      ,3956,13/06/2014,12/06/2014,604,50564,78,38856,55
004-BNB                                                     ,COB       ,A004001266.COB      ,126,12/06/2014,12/06/2014,39,1621,50,1621,50
033-SANTANDER                                               ,COB       ,A033000905.COB      ,90,13/06/2014,12/06/2014,1970,60291,61,60291,61
104-CEF - MOVIMENTO                                         ,COB       ,A104005505.COB      ,550,13/06/2014,12/06/2014,15210,586178,3,586178,3
104-CEF - MOVIMENTO                                         ,COB       ,A10405513.COB       ,5513,19/06/2014,12/06/2014,1,15,10,15,10
104-CEF - MOVIMENTO                                         ,COB       ,A10405515.COB       ,5515,22/06/2014,12/06/2014,1,71,98,71,98
104-CEF - MOVIMENTO                                         ,DCO       ,R104004165.DCO      ,416,13/06/2014,12/06/2014,73,45626,23,41606,93
237-BRADESCO                                                ,COB       ,A237003963.COB      ,396,13/06/2014,12/06/2014,5720,356544,97,356544,97
237-BRADESCO                                                ,DCO       ,R237004127.DCO      ,412,16/06/2014,12/06/2014,417,40773,61,34859,67
341-ITAU                                                    ,COB       ,A341003970.COB      ,397,13/06/2014,12/06/2014,688,93488,24,93488,24
341-ITAU                                                    ,DCO       ,R341003169.DCO      ,316,15/06/2014,12/06/2014,198,25482,99,21316,66
356-BCO REAL                                                ,DCO       ,R033001614.DCO      ,161,13/06/2014,12/06/2014,53,7588,56,3268,27
634-TRIBANCO                                                ,COB       ,A634002065.COB      ,206,12/06/2014,12/06/2014,626,16616,76,16616,76
909-CASA DO PAO - UN-BAJ                                    ,COB       ,A909001210.COB      ,121,13/06/2014,12/06/2014,173,3487,79,3487,79
909-CASA DO PAO - UN-BAJ                                    ,COB       ,A909001464.COB      ,146,13/06/2014,12/06/2014,52,789,10,789,10
909-CASA DO PAO - UN-BAJ                                    ,COB       ,A909001714.COB      ,171,13/06/2014,12/06/2014,4,62,27,62,27
909-CASA DO PAO - UN-BAJ                                    ,COB       ,A909001863.COB      ,186,13/06/2014,12/06/2014,38,765,20,765,20
911-FARMACIA STA. CECILIA                                   ,COB       ,A911002484.COB      ,248,13/06/2014,12/06/2014,399,11680,54,10942,19
911-FARMACIA STA. CECILIA                                   ,COB       ,A911002485.COB      ,248,13/06/2014,12/06/2014,94,3224,90,3224,90
912-ARTE E COSTURA                                          ,COB       ,A912003029.COB      ,302,12/06/2014,12/06/2014,52,1564,81,1564,81
001-BANCO DO BRASIL                                         ,COB       ,A001003180.COB      ,318,15/06/2014,13/06/2014,5878,276711,8,276711,8
001-BANCO DO BRASIL                                         ,DCO       ,R001039564.DCO      ,3956,16/06/2014,13/06/2014,101,10766,86,10068,30
004-BNB                                                     ,COB       ,A004001267.COB      ,126,13/06/2014,13/06/2014,82,10614,64,10614,64
033-SANTANDER                                               ,COB       ,A033000906.COB      ,90,15/06/2014,13/06/2014,3332,126094,21,126094,21
104-CEF - MOVIMENTO                                         ,COB       ,A10405509.COB       ,5509,20/06/2014,13/06/2014,23282,923689,92,923689,92
104-CEF - MOVIMENTO                                         ,COB       ,A10405516.COB       ,5516,22/06/2014,13/06/2014,11,5316,79,5316,79
104-CEF - MOVIMENTO                                         ,DCO       ,R104004166.DCO      ,416,15/06/2014,13/06/2014,24,60043,95,57711,0
237-BRADESCO                                                ,COB       ,A237003964.COB      ,396,16/06/2014,13/06/2014,6683,428107,72,428107,72
237-BRADESCO                                                ,DCO       ,R237004128.DCO      ,412,16/06/2014,13/06/2014,22,5023,42,4802,24
341-ITAU                                                    ,COB       ,A341003971.COB      ,397,16/06/2014,13/06/2014,962,418997,70,418997,70
341-ITAU                                                    ,DCO       ,R341003170.DCO      ,317,18/06/2014,13/06/2014,19,30543,71,16823,44
356-BCO REAL                                                ,DCO       ,R033001615.DCO      ,161,15/06/2014,13/06/2014,8,5425,21,5026,16
634-TRIBANCO                                                ,COB       ,A634002066.COB      ,206,15/06/2014,13/06/2014,724,18047,43,18047,43
909-CASA DO PAO - UN-BAJ                                    ,COB       ,A909001465.COB      ,146,18/06/2014,13/06/2014,59,919,72,919,72
909-CASA DO PAO - UN-BAJ                                    ,COB       ,A909001715.COB      ,171,18/06/2014,13/06/2014,11,247,59,247,59
909-CASA DO PAO - UN-BAJ                                    ,COB       ,A909001864.COB      ,186,18/06/2014,13/06/2014,45,884,52,884,52
911-FARMACIA STA. CECILIA                                   ,COB       ,A911002487.COB      ,248,15/06/2014,13/06/2014,344,10619,18,10619,18
912-ARTE E COSTURA                                          ,COB       ,A912003030.COB      ,303,13/06/2014,13/06/2014,36,971,2,971,2
911-FARMACIA STA. CECILIA                                   ,COB       ,A911002490.COB      ,249,16/06/2014,14/06/2014,269,6313,68,6313,68
912-ARTE E COSTURA                                          ,COB       ,A912003031.COB      ,303,16/06/2014,14/06/2014,32,631,98,631,98
001-BANCO DO BRASIL                                         ,COB       ,A001003181.COB      ,318,18/06/2014,16/06/2014,12844,718756,74,718756,74
001-BANCO DO BRASIL                                         ,DCO       ,R001039565.DCO      ,3956,18/06/2014,16/06/2014,625,139037,75,121850,67
004-BNB                                                     ,COB       ,A004001268.COB      ,126,16/06/2014,16/06/2014,138,18092,33,18092,33
033-SANTANDER                                               ,COB       ,A033000907.COB      ,90,18/06/2014,16/06/2014,10158,448887,36,448887,36
104-CEF - MOVIMENTO                                         ,COB       ,A10405511.COB       ,5511,20/06/2014,16/06/2014,53887,2104379,7,2104379,7
104-CEF - MOVIMENTO                                         ,COB       ,A10405517.COB       ,5517,22/06/2014,16/06/2014,1,15,10,15,10
104-CEF - MOVIMENTO                                         ,DCO       ,R104004167.DCO      ,416,18/06/2014,16/06/2014,127,85773,60,81316,92
237-BRADESCO                                                ,COB       ,A237003965.COB      ,396,18/06/2014,16/06/2014,13198,718168,14,718168,14
237-BRADESCO                                                ,DCO       ,R237004129.DCO      ,412,18/06/2014,16/06/2014,347,123501,94,112540,7
341-ITAU                                                    ,COB       ,A341003972.COB      ,397,26/06/2014,16/06/2014,2648,403709,49,807459,46
341-ITAU                                                    ,DCO       ,R341003171.DCO      ,317,18/06/2014,16/06/2014,262,154004,72,145377,8
356-BCO REAL                                                ,DCO       ,R033001616.DCO      ,161,18/06/2014,16/06/2014,356,58434,9,41135,10
634-TRIBANCO                                                ,COB       ,A634002067.COB      ,206,16/06/2014,16/06/2014,1719,46593,14,46593,14
909-CASA DO PAO - UN-BAJ                                    ,COB       ,A909001211.COB      ,121,18/06/2014,16/06/2014,146,2715,42,2715,42
909-CASA DO PAO - UN-BAJ                                    ,COB       ,A909001466.COB      ,146,18/06/2014,16/06/2014,77,982,95,982,95
909-CASA DO PAO - UN-BAJ                                    ,COB       ,A909001716.COB      ,171,18/06/2014,16/06/2014,29,603,54,603,54
909-CASA DO PAO - UN-BAJ                                    ,COB       ,A909001865.COB      ,186,18/06/2014,16/06/2014,72,1345,4,1345,4
911-FARMACIA STA. CECILIA                                   ,COB       ,A911002492.COB      ,249,18/06/2014,16/06/2014,873,24649,49,24649,49
912-ARTE E COSTURA                                          ,COB       ,A912003032.COB      ,303,16/06/2014,16/06/2014,58,1663,5,1663,5
001-BANCO DO BRASIL                                         ,COB       ,A001003182.COB      ,318,18/06/2014,17/06/2014,3239,118548,95,118548,95
001-BANCO DO BRASIL                                         ,DCO       ,R001039566.DCO      ,3956,18/06/2014,17/06/2014,5,114,65,114,65
004-BNB                                                     ,COB       ,A004001269.COB      ,126,18/06/2014,17/06/2014,24,558,90,558,90
033-SANTANDER                                               ,COB       ,A033000908.COB      ,90,18/06/2014,17/06/2014,52,2581,39,2581,39
104-CEF - MOVIMENTO                                         ,COB       ,A104005512.COB      ,551,20/06/2014,17/06/2014,7754,213907,88,213907,88
104-CEF - MOVIMENTO                                         ,DCO       ,R104004168.DCO      ,416,18/06/2014,17/06/2014,1,27,18,27,18
237-BRADESCO                                                ,COB       ,A237003966.COB      ,396,20/06/2014,17/06/2014,4787,148980,0,148980,0
341-ITAU                                                    ,COB       ,A341003973.COB      ,397,18/06/2014,17/06/2014,493,23003,36,23003,36
634-TRIBANCO                                                ,COB       ,A634002068.COB      ,206,18/06/2014,17/06/2014,642,16977,72,16977,72
909-CASA DO PAO - UN-BAJ                                    ,COB       ,A909001212.COB      ,121,19/06/2014,17/06/2014,116,2312,47,2312,47
909-CASA DO PAO - UN-BAJ                                    ,COB       ,A909001467.COB      ,146,19/06/2014,17/06/2014,33,492,47,492,47
909-CASA DO PAO - UN-BAJ                                    ,COB       ,A909001717.COB      ,171,19/06/2014,17/06/2014,15,327,49,327,49
909-CASA DO PAO - UN-BAJ                                    ,COB       ,A909001866.COB      ,186,19/06/2014,17/06/2014,46,1029,59,1029,59
911-FARMACIA STA. CECILIA                                   ,COB       ,A911002494.COB      ,249,18/06/2014,17/06/2014,535,17940,8,17940,8
912-ARTE E COSTURA                                          ,COB       ,A912003033.COB      ,303,18/06/2014,17/06/2014,23,781,79,781,79
001-BANCO DO BRASIL                                         ,COB       ,A001003183.COB      ,318,19/06/2014,18/06/2014,9344,524752,1,524752,1
001-BANCO DO BRASIL                                         ,DCO       ,R001039567.DCO      ,3956,20/06/2014,18/06/2014,532,127040,17,115666,37
004-BNB                                                     ,COB       ,A004001270.COB      ,127,18/06/2014,18/06/2014,83,13036,37,13036,37
033-SANTANDER                                               ,COB       ,A033000909.COB      ,90,19/06/2014,18/06/2014,6537,284683,40,284683,40
104-CEF - MOVIMENTO                                         ,COB       ,A10405514.COB       ,5514,19/06/2014,18/06/2014,33531,1350234,71,1350234,71
104-CEF - MOVIMENTO                                         ,DCO       ,R104004169.DCO      ,416,19/06/2014,18/06/2014,108,33663,50,24461,63
237-BRADESCO                                                ,COB       ,A237003967.COB      ,396,20/06/2014,18/06/2014,8851,487427,78,487427,78
237-BRADESCO                                                ,DCO       ,R237004130.DCO      ,413,20/06/2014,18/06/2014,11,1567,41,1476,81
237-BRADESCO                                                ,DCO       ,R237004131.DCO      ,413,20/06/2014,18/06/2014,420,57039,89,53334,5
341-ITAU                                                    ,COB       ,A341003974.COB      ,397,24/06/2014,18/06/2014,1663,217748,12,435496,24
341-ITAU                                                    ,DCO       ,R341003172.DCO      ,317,22/06/2014,18/06/2014,266,26430,22,23024,84
356-BCO REAL                                                ,DCO       ,R033001618.DCO      ,161,19/06/2014,18/06/2014,107,11781,27,7878,72
634-TRIBANCO                                                ,COB       ,A634002069.COB      ,206,18/06/2014,18/06/2014,1100,31659,48,31659,48
909-CASA DO PAO - UN-BAJ                                    ,COB       ,A909001213.COB      ,121,19/06/2014,18/06/2014,118,2339,47,2339,47
909-CASA DO PAO - UN-BAJ                                    ,COB       ,A909001468.COB      ,146,19/06/2014,18/06/2014,34,454,74,454,74
909-CASA DO PAO - UN-BAJ                                    ,COB       ,A909001720.COB      ,172,19/06/2014,18/06/2014,20,358,37,358,37
909-CASA DO PAO - UN-BAJ                                    ,COB       ,A909001867.COB      ,186,19/06/2014,18/06/2014,68,1185,23,1185,23
911-FARMACIA STA. CECILIA                                   ,COB       ,A911002496.COB      ,249,20/06/2014,18/06/2014,589,19958,28,19958,28
912-ARTE E COSTURA                                          ,COB       ,A912003034.COB      ,303,18/06/2014,18/06/2014,46,1520,58,1520,58
911-FARMACIA STA. CECILIA                                   ,COB       ,A911002497.COB      ,249,20/06/2014,19/06/2014,19,720,59,720,59
001-BANCO DO BRASIL                                         ,COB       ,A001003184.COB      ,318,22/06/2014,20/06/2014,10088,692412,74,692412,74
001-BANCO DO BRASIL                                         ,DCO       ,R001039568.DCO      ,3956,23/06/2014,20/06/2014,542,145420,96,123582,79
004-BNB                                                     ,COB       ,A004001271.COB      ,127,20/06/2014,20/06/2014,228,28111,23,28111,23
033-SANTANDER                                               ,COB       ,A033000910.COB      ,91,23/06/2014,20/06/2014,6275,292591,80,585183,60
104-CEF - MOVIMENTO                                         ,COB       ,A10405518.COB       ,5518,23/06/2014,20/06/2014,32685,1529483,13,3058966,26
104-CEF - MOVIMENTO                                         ,DCO       ,R104004170.DCO      ,417,22/06/2014,20/06/2014,188,204417,29,193224,10
237-BRADESCO                                                ,COB       ,A237003968.COB      ,396,23/06/2014,20/06/2014,9535,643713,63,643686,45
237-BRADESCO                                                ,DCO       ,R237004132.DCO      ,413,23/06/2014,20/06/2014,400,142027,27,126747,36
341-ITAU                                                    ,COB       ,A341003975.COB      ,397,23/06/2014,20/06/2014,1970,501164,68,501164,68
341-ITAU                                                    ,DCO       ,R341003173.DCO      ,317,24/06/2014,20/06/2014,333,121655,18,112082,6
356-BCO REAL                                                ,DCO       ,R033001619.DCO      ,161,22/06/2014,20/06/2014,159,71642,63,57524,69
634-TRIBANCO                                                ,COB       ,A634002070.COB      ,207,22/06/2014,20/06/2014,1231,35811,37,35811,37
909-CASA DO PAO - UN-BAJ                                    ,COB       ,A909001214.COB      ,121,24/06/2014,20/06/2014,69,1143,53,1143,53
909-CASA DO PAO - UN-BAJ                                    ,COB       ,A909001469.COB      ,146,24/06/2014,20/06/2014,65,870,65,870,65
909-CASA DO PAO - UN-BAJ                                    ,COB       ,A909001721.COB      ,172,24/06/2014,20/06/2014,41,705,91,705,91
909-CASA DO PAO - UN-BAJ                                    ,COB       ,A909001868.COB      ,186,24/06/2014,20/06/2014,59,1204,2,1204,2
911-FARMACIA STA. CECILIA                                   ,COB       ,A911002499.COB      ,249,22/06/2014,20/06/2014,692,22100,14,22100,14
912-ARTE E COSTURA                                          ,COB       ,A912003035.COB      ,303,20/06/2014,20/06/2014,53,1515,46,1515,46
911-FARMACIA STA. CECILIA                                   ,COB       ,A911002501.COB      ,250,23/06/2014,21/06/2014,328,9517,5,9517,5
912-ARTE E COSTURA                                          ,COB       ,A912003036.COB      ,303,22/06/2014,21/06/2014,24,525,38,525,38
001-BANCO DO BRASIL                                         ,COB       ,A001003185.COB      ,318,24/06/2014,23/06/2014,8849,517049,98,517049,98
001-BANCO DO BRASIL                                         ,DCO       ,R001039569.DCO      ,3956,24/06/2014,23/06/2014,352,143998,41,133716,6
004-BNB                                                     ,COB       ,A004001272.COB      ,127,23/06/2014,23/06/2014,114,25125,81,25125,81
033-SANTANDER                                               ,COB       ,A033000911.COB      ,91,24/06/2014,23/06/2014,6718,290286,12,290286,12
104-CEF - MOVIMENTO                                         ,COB       ,A104005519.COB      ,551,26/06/2014,23/06/2014,38140,1466462,43,2932714,68
104-CEF - MOVIMENTO                                         ,DCO       ,R104004171.DCO      ,417,24/06/2014,23/06/2014,129,191737,65,181195,97
237-BRADESCO                                                ,COB       ,A237003969.COB      ,396,24/06/2014,23/06/2014,9382,442371,82,442371,82
237-BRADESCO                                                ,DCO       ,R237004133.DCO      ,413,24/06/2014,23/06/2014,239,100298,35,80113,12
341-ITAU                                                    ,COB       ,A341003976.COB      ,397,24/06/2014,23/06/2014,1562,461201,64,461201,64
341-ITAU                                                    ,DCO       ,R341003174.DCO      ,317,26/06/2014,23/06/2014,232,114983,87,112026,54
356-BCO REAL                                                ,DCO       ,R033001620.DCO      ,162,24/06/2014,23/06/2014,87,24592,54,19729,83
634-TRIBANCO                                                ,COB       ,A634002071.COB      ,207,23/06/2014,23/06/2014,1356,36814,31,36814,31
909-CASA DO PAO - UN-BAJ                                    ,COB       ,A909001215.COB      ,121,24/06/2014,23/06/2014,100,1513,12,1513,12
909-CASA DO PAO - UN-BAJ                                    ,COB       ,A909001471.COB      ,147,24/06/2014,23/06/2014,46,877,22,877,22
909-CASA DO PAO - UN-BAJ                                    ,COB       ,A909001722.COB      ,172,24/06/2014,23/06/2014,47,911,4,911,4
909-CASA DO PAO - UN-BAJ                                    ,COB       ,A909001869.COB      ,186,24/06/2014,23/06/2014,85,1867,50,1867,50
911-FARMACIA STA. CECILIA                                   ,COB       ,A911002503.COB      ,250,24/06/2014,23/06/2014,644,20996,59,20996,59
912-ARTE E COSTURA                                          ,COB       ,A912003037.COB      ,303,24/06/2014,23/06/2014,27,664,52,664,52
001-BANCO DO BRASIL                                         ,COB       ,A001003186.COB      ,318,26/06/2014,24/06/2014,6386,260858,24,260858,24
001-BANCO DO BRASIL                                         ,DCO       ,R001039570.DCO      ,3957,26/06/2014,24/06/2014,18,2024,16,1902,58
004-BNB                                                     ,COB       ,A004001273.COB      ,127,24/06/2014,24/06/2014,66,8695,2,8695,2
033-SANTANDER                                               ,COB       ,A033000912.COB      ,91,26/06/2014,24/06/2014,2851,82401,37,82401,37
104-CEF - MOVIMENTO                                         ,COB       ,A104005520.COB      ,552,26/06/2014,24/06/2014,22741,770050,60,769903,76
104-CEF - MOVIMENTO                                         ,DCO       ,R104004172.DCO      ,417,26/06/2014,24/06/2014,5,3674,44,1071,84
237-BRADESCO                                                ,COB       ,A237003970.COB      ,397,26/06/2014,24/06/2014,7179,310725,75,310725,75
237-BRADESCO                                                ,DCO       ,R237004134.DCO      ,413,26/06/2014,24/06/2014,8,3725,61,3440,56
341-ITAU                                                    ,COB       ,A341003977.COB      ,397,26/06/2014,24/06/2014,1004,70534,21,70534,21
341-ITAU                                                    ,DCO       ,R341003175.DCO      ,317,27/06/2014,24/06/2014,5,346,45,102,23
356-BCO REAL                                                ,DCO       ,R033001621.DCO      ,162,26/06/2014,24/06/2014,1,503,57,17,64
634-TRIBANCO                                                ,COB       ,A634002072.COB      ,207,24/06/2014,24/06/2014,945,27342,27,27342,27
909-CASA DO PAO - UN-BAJ                                    ,COB       ,A909001216.COB      ,121,24/06/2014,24/06/2014,54,846,52,846,52
909-CASA DO PAO - UN-BAJ                                    ,COB       ,A909001472.COB      ,147,24/06/2014,24/06/2014,24,354,23,354,23
909-CASA DO PAO - UN-BAJ                                    ,COB       ,A909001723.COB      ,172,27/06/2014,24/06/2014,56,1120,52,1120,52
909-CASA DO PAO - UN-BAJ                                    ,COB       ,A909001870.COB      ,187,24/06/2014,24/06/2014,35,639,21,639,21
911-FARMACIA STA. CECILIA                                   ,COB       ,A911002505.COB      ,250,26/06/2014,24/06/2014,347,9653,42,9653,42
912-ARTE E COSTURA                                          ,COB       ,A912003038.COB      ,303,24/06/2014,24/06/2014,5,233,59,233,59
001-BANCO DO BRASIL                                         ,COB       ,A001003187.COB      ,318,27/06/2014,25/06/2014,8892,548687,83,548659,76
001-BANCO DO BRASIL                                         ,DCO       ,R001039571.DCO      ,3957,27/06/2014,25/06/2014,417,57150,5,50836,31
004-BNB                                                     ,COB       ,A004001274.COB      ,127,27/06/2014,25/06/2014,72,6078,25,6078,25
033-SANTANDER                                               ,COB       ,A033000913.COB      ,91,27/06/2014,25/06/2014,5329,229209,50,229209,50
104-CEF - MOVIMENTO                                         ,COB       ,A10405523.COB       ,5523,27/06/2014,25/06/2014,31483,1212194,76,2424404,93
104-CEF - MOVIMENTO                                         ,DCO       ,R104004173.DCO      ,417,27/06/2014,25/06/2014,92,58774,83,56730,99
237-BRADESCO                                                ,COB       ,A237003971.COB      ,397,27/06/2014,25/06/2014,9235,540896,25,540820,95
237-BRADESCO                                                ,DCO       ,R237004135.DCO      ,413,27/06/2014,25/06/2014,327,67790,29,56957,86
341-ITAU                                                    ,COB       ,A341003978.COB      ,397,27/06/2014,25/06/2014,1508,231417,14,231417,14
341-ITAU                                                    ,DCO       ,R341003176.DCO      ,317,27/06/2014,25/06/2014,267,54013,83,50728,49
356-BCO REAL                                                ,DCO       ,R033001622.DCO      ,162,27/06/2014,25/06/2014,109,18853,13,14693,47
634-TRIBANCO                                                ,COB       ,A634002073.COB      ,207,27/06/2014,25/06/2014,1130,32463,82,32463,82
909-CASA DO PAO - UN-BAJ                                    ,COB       ,A909001217.COB      ,121,27/06/2014,25/06/2014,74,1376,76,1376,76
909-CASA DO PAO - UN-BAJ                                    ,COB       ,A909001473.COB      ,147,27/06/2014,25/06/2014,48,616,75,616,75
909-CASA DO PAO - UN-BAJ                                    ,COB       ,A909001724.COB      ,172,27/06/2014,25/06/2014,58,1006,20,1006,20
909-CASA DO PAO - UN-BAJ                                    ,COB       ,A909001871.COB      ,187,27/06/2014,25/06/2014,59,1264,18,1264,18
911-FARMACIA STA. CECILIA                                   ,COB       ,A911002506.COB      ,250,27/06/2014,25/06/2014,731,21157,82,21157,82
912-ARTE E COSTURA                                          ,COB       ,A912003039.COB      ,303,26/06/2014,25/06/2014,64,2390,95,2390,95
001-BANCO DO BRASIL                                         ,COB       ,A001003188.COB      ,318,27/06/2014,26/06/2014,7661,364852,47,364852,47
001-BANCO DO BRASIL                                         ,DCO       ,R001039572.DCO      ,3957,27/06/2014,26/06/2014,314,68297,26,66442,23
004-BNB                                                     ,COB       ,A004001275.COB      ,127,27/06/2014,26/06/2014,93,5837,79,5837,79
033-SANTANDER                                               ,COB       ,A033000914.COB      ,91,27/06/2014,26/06/2014,4184,157977,99,157977,99
104-CEF - MOVIMENTO                                         ,COB       ,A10405525.COB       ,5525,30/06/2014,26/06/2014,28256,1074693,82,2149345,55
104-CEF - MOVIMENTO                                         ,DCO       ,R104004174.DCO      ,417,27/06/2014,26/06/2014,48,29067,53,19865,93
237-BRADESCO                                                ,COB       ,A237003972.COB      ,397,27/06/2014,26/06/2014,8984,403344,99,403344,99
237-BRADESCO                                                ,DCO       ,R237004136.DCO      ,413,27/06/2014,26/06/2014,246,27974,33,24953,12
341-ITAU                                                    ,COB       ,A341003979.COB      ,397,27/06/2014,26/06/2014,1258,126031,25,126031,25
341-ITAU                                                    ,DCO       ,R341003177.DCO      ,317,29/06/2014,26/06/2014,184,27513,33,24698,80
356-BCO REAL                                                ,DCO       ,R033001623.DCO      ,162,27/06/2014,26/06/2014,75,10134,88,8606,91
634-TRIBANCO                                                ,COB       ,A634002074.COB      ,207,27/06/2014,26/06/2014,959,26933,96,26933,96
909-CASA DO PAO - UN-BAJ                                    ,COB       ,A909001218.COB      ,121,30/06/2014,26/06/2014,80,1487,18,1487,18
909-CASA DO PAO - UN-BAJ                                    ,COB       ,A909001474.COB      ,147,30/06/2014,26/06/2014,28,393,67,393,67
909-CASA DO PAO - UN-BAJ                                    ,COB       ,A909001725.COB      ,172,30/06/2014,26/06/2014,66,1469,79,1469,79
909-CASA DO PAO - UN-BAJ                                    ,COB       ,A909001872.COB      ,187,30/06/2014,26/06/2014,94,2102,80,2102,80
911-FARMACIA STA. CECILIA                                   ,COB       ,A911002508.COB      ,250,27/06/2014,26/06/2014,704,21425,85,21425,85
912-ARTE E COSTURA                                          ,COB       ,A912003040.COB      ,304,27/06/2014,26/06/2014,94,2706,9,2706,9
001-BANCO DO BRASIL                                         ,COB       ,A001003189.COB      ,318,29/06/2014,27/06/2014,7429,306618,12,306590,94
004-BNB                                                     ,COB       ,A004001276.COB      ,127,27/06/2014,27/06/2014,55,2646,8,2646,8
033-SANTANDER                                               ,COB       ,A033000915.COB      ,91,29/06/2014,27/06/2014,4416,117223,46,117223,46
104-CEF - MOVIMENTO                                         ,COB       ,A104005526.COB      ,552,29/06/2014,27/06/2014,28395,908448,13,908156,7
237-BRADESCO                                                ,COB       ,A237003973.COB      ,397,30/06/2014,27/06/2014,9409,340551,16,340513,48
341-ITAU                                                    ,COB       ,A341003980.COB      ,398,30/06/2014,27/06/2014,1053,82966,95,82962,22
634-TRIBANCO                                                ,COB       ,A634002075.COB      ,207,29/06/2014,27/06/2014,926,23039,91,23024,39
909-CASA DO PAO - UN-BAJ                                    ,COB       ,A909001219.COB      ,121,30/06/2014,27/06/2014,124,2243,30,2243,30
909-CASA DO PAO - UN-BAJ                                    ,COB       ,A909001475.COB      ,147,30/06/2014,27/06/2014,44,647,10,647,10
909-CASA DO PAO - UN-BAJ                                    ,COB       ,A909001726.COB      ,172,30/06/2014,27/06/2014,62,1274,35,1274,35
909-CASA DO PAO - UN-BAJ                                    ,COB       ,A909001873.COB      ,187,30/06/2014,27/06/2014,78,1511,19,1511,19
911-FARMACIA STA. CECILIA                                   ,COB       ,A911002510.COB      ,251,29/06/2014,27/06/2014,753,21049,80,21049,80
912-ARTE E COSTURA                                          ,COB       ,A912003041.COB      ,304,27/06/2014,27/06/2014,76,2234,43,2234,43
911-FARMACIA STA. CECILIA                                   ,COB       ,A911002513.COB      ,251,30/06/2014,28/06/2014,288,7737,97,7737,97
912-ARTE E COSTURA                                          ,COB       ,A912003042.COB      ,304,29/06/2014,28/06/2014,40,952,54,952,54
004-BNB                                                     ,COB       ,A004001277.COB      ,127,30/06/2014,30/06/2014,127,6699,64,6699,64
909-CASA DO PAO - UN-BAJ                                    ,COB       ,A909001220.COB      ,122,30/06/2014,30/06/2014,117,1614,26,1614,26
909-CASA DO PAO - UN-BAJ                                    ,COB       ,A909001476.COB      ,147,30/06/2014,30/06/2014,58,773,38,773,38
909-CASA DO PAO - UN-BAJ                                    ,COB       ,A909001727.COB      ,172,30/06/2014,30/06/2014,88,1655,43,1655,43
909-CASA DO PAO - UN-BAJ                                    ,COB       ,A909001874.COB      ,187,30/06/2014,30/06/2014,120,2480,56,2480,56
912-ARTE E COSTURA                                          ,COB       ,A912003043.COB      ,304,30/06/2014,30/06/2014,122,3754,83,3754,83
